CREATE TABLE PLANETYPE2 (MODEL VARCHAR(20), 
CAPACITY NUMERIC(10), WEIGHT NUMERIC(10), REGNO NUMERIC(10) PRIMARY KEY);
INSERT INTO PLANETYPE2 VALUES ('Cessna', 100, 2000, 1234);
INSERT INTO PLANETYPE2 VALUES ('Zenith', 200, 1000, 7657);
INSERT INTO PLANETYPE2 VALUES ('Hawker', 250, 500, 8976);
INSERT INTO PLANETYPE2 VALUES ('Boeing 747', 70, 2210, 3456);
INSERT INTO PLANETYPE2 VALUES ('Lockheed', 180, 3214, 6543);
INSERT INTO PLANETYPE2 VALUES ('Airbus', 400, 6745, 3490);
INSERT INTO PLANETYPE2 VALUES ('McDonall Douglas', 250, 300, 6189);
INSERT INTO PLANETYPE2 VALUES ('Airbus A350', 270, 450, 0098);
INSERT INTO PLANETYPE2 VALUES ('Skyhawk 172', 90, 870, 1000);
INSERT INTO PLANETYPE2 VALUES ('Airbus A350', 45, 910, 1290);
INSERT INTO PLANETYPE2 VALUES ('Embraer E190', 310, 1000, 6043);
INSERT INTO PLANETYPE2 VALUES ('Zenith CH750', 190, 2240, 5672);
INSERT INTO PLANETYPE2 VALUES ('Yak-40', 205, 9870, 1129);
INSERT INTO PLANETYPE2 VALUES ('Viking Air', 500, 5670, 9987);
INSERT INTO PLANETYPE2 VALUES ('Premier I', 80, 1200, 5630);
INSERT INTO PLANETYPE2 VALUES ('Pilatus PC-12', 100, 8000, 1198);
INSERT INTO PLANETYPE2 VALUES ('Learjet', 120, 8990, 7640);
INSERT INTO PLANETYPE2 VALUES ('HondaJet', 345, 76800, 9923);
INSERT INTO PLANETYPE2 VALUES ('Gulfstream G280', 440, 54000,2310);
INSERT INTO PLANETYPE2 VALUES ('Airbus A380', 90, 23900,5197);

CREATE TABLE AIRPLANE1(REGNO NUMERIC(10) PRIMARY KEY);
INSERT INTO AIRPLANE1 VALUES (1234);
INSERT INTO AIRPLANE1 VALUES (7657);
INSERT INTO AIRPLANE1 VALUES (8976);
INSERT INTO AIRPLANE1 VALUES (3456);
INSERT INTO AIRPLANE1 VALUES (6543);
INSERT INTO AIRPLANE1 VALUES (3490);
INSERT INTO AIRPLANE1 VALUES (6189);
INSERT INTO AIRPLANE1 VALUES (0098);
INSERT INTO AIRPLANE1 VALUES (1000);
INSERT INTO AIRPLANE1 VALUES (1290);
INSERT INTO AIRPLANE1 VALUES (6043);
INSERT INTO AIRPLANE1 VALUES (5672);
INSERT INTO AIRPLANE1 VALUES (1129);
INSERT INTO AIRPLANE1 VALUES (9987);
INSERT INTO AIRPLANE1 VALUES (5630);
INSERT INTO AIRPLANE1 VALUES (1198);
INSERT INTO AIRPLANE1 VALUES (7640);
INSERT INTO AIRPLANE1 VALUES (9923);
INSERT INTO AIRPLANE1 VALUES (2310);
INSERT INTO AIRPLANE1 VALUES (5197);

CREATE TABLE HANGAR1(NUMBER NUMERIC(10) PRIMARY KEY, CAPACITY NUMERIC(10),
LOCATIONS VARCHAR(20), REGNO NUMERIC(10));
INSERT INTO HANGAR1 VALUES(1,20,'Border patrol',1234);
INSERT INTO HANGAR1 VALUES(2,30,'Museums',7657);
INSERT INTO HANGAR1 VALUES(3,40,'Const sites',8976);
INSERT INTO HANGAR1 VALUES(4,45,'Disaster Relief',3456);
INSERT INTO HANGAR1 VALUES(5,50,'Border patrol',6543);
INSERT INTO HANGAR1 VALUES(6,55,'Airshows',3490);
INSERT INTO HANGAR1 VALUES(7,60,'Sports team',6189);
INSERT INTO HANGAR1 VALUES(8,70,'Oil rigs',0098);
INSERT INTO HANGAR1 VALUES(9,75,'Training fac',1000);
INSERT INTO HANGAR1 VALUES(10,80,'Spaceports',1290);
INSERT INTO HANGAR1 VALUES(11,20,'Border patrol',6043);
INSERT INTO HANGAR1 VALUES(12,30,'Museums',5672);
INSERT INTO HANGAR1 VALUES(13,40,'Const sites',1129);
INSERT INTO HANGAR1 VALUES(14,45,'Disaster Relief',9987);
INSERT INTO HANGAR1 VALUES(15,50,'Airports',5630);
INSERT INTO HANGAR1 VALUES(16,55,'Airshows',1198);
INSERT INTO HANGAR1 VALUES(17,60,'Sports team',7640);
INSERT INTO HANGAR1 VALUES(18,70,'Military bases',9923);
INSERT INTO HANGAR1 VALUES(19,220,'Training fac',2310);
INSERT INTO HANGAR1 VALUES(20,250,'Helipads',5197);

CREATE TABLE OWNERP1 (ID NUMERIC(10) PRIMARY KEY, OTYPE VARCHAR(15), ONAME VARCHAR(20)
, ADDRESS VARCHAR(30), PHONENO NUMERIC(15));
INSERT INTO OWNERP1 VALUES (1, 'Person', 'Blake', 'Street 20,Chicago', 032167123);
INSERT INTO OWNERP1 VALUES (2, 'Corporation', 'Ayesha', '2424 Chestnut Street', 76489123);
INSERT INTO OWNERP1 VALUES (3, 'Person', 'Faisal', '2525 Acacia Terrace', 031122334);
INSERT INTO OWNERP1 VALUES (4, 'Corporation', 'Rabia', '2626 Redwood Avenue', 9864723);
INSERT INTO OWNERP1 VALUES (5, 'Corporation', 'Fatima', '123 Main Street', 77891232);
INSERT INTO OWNERP1 VALUES (6, 'Person', 'Aamir', '456 Elm Road', 1189746);
INSERT INTO OWNERP1 VALUES (7, 'Corporation', 'Zainab', '789 Oak Lane', 76457927);
INSERT INTO OWNERP1 VALUES (8, 'Person', 'Eshaal', '1010 Pine Avenue', 66435782);
INSERT INTO OWNERP1 VALUES (9, 'Corporation', 'Hamza', '1111 Maple Court', 64783729);
INSERT INTO OWNERP1 VALUES (10, 'Corporation', 'New corp', '1212 Cedar Way', 1123873);
INSERT INTO OWNERP1 VALUES (11, 'Person', 'James', '1313 Birch Drive', 7893183);
INSERT INTO OWNERP1 VALUES (12, 'Corporation', 'Harper', '1414 Walnut Circle', 45724700);
INSERT INTO OWNERP1 VALUES (13, 'Person', 'Emma', '1515 Spruce Terrace', 06482302);
INSERT INTO OWNERP1 VALUES (14, 'Corporation', 'Lucas', '1616 Ash Place', 1893584);
INSERT INTO OWNERP1 VALUES (15, 'Corporation', 'PnP', '1717 Cherry Street', 77788245);
INSERT INTO OWNERP1 VALUES (16, 'Person', 'Ava', '1818 Laurel Boulevard', 999112344);
INSERT INTO OWNERP1 VALUES (17, 'Corporation', 'KK', '1919 Poplar Lane', 90001234);
INSERT INTO OWNERP1 VALUES (18, 'Person', 'Danial', '2020 Cypress Avenue', 00124632);
INSERT INTO OWNERP1 VALUES (19, 'Corporation', 'CBS', '2121 Magnolia Court', 9733292);
INSERT INTO OWNERP1 VALUES (20, 'Corporation', 'Cocorp', '2222 Beech Way', 7462933);

CREATE TABLE OWNS2 (REGNO NUMERIC(10) , ID NUMERIC(10), PDATE DATE);
INSERT INTO OWNS VALUES (1234,1,'28-march-2023');
INSERT INTO OWNS VALUES (7657,2,'20-JAN-2001');
INSERT INTO OWNS2 VALUES (8976,3,'12-MARCH-2002');
INSERT INTO OWNS2 VALUES (3456,4,'23-APRIL-1890');
INSERT INTO OWNS2 VALUES (6543,5,'22-FEB-2012');
INSERT INTO OWNS2 VALUES (3490,6,'15-MAY-2013');
INSERT INTO OWNS2 VALUES (6189,7,'25-march-2023');
INSERT INTO OWNS2 VALUES (0098,8,'19-JULY-1967');
INSERT INTO OWNS VALUES (1234,9,'1-AUG-1983');
INSERT INTO OWNS2 VALUES (6043,10,'7-SEP-2017');
INSERT INTO OWNS2 VALUES (6043,11,'30-OCT-2018');
INSERT INTO OWNS2 VALUES (5672,12,'25-NOV-2019');
INSERT INTO OWNS2 VALUES (1129,13,'21-DEC-2023');
INSERT INTO OWNS2 VALUES (1129,14,'15-JAN-2022');
INSERT INTO OWNS2 VALUES (5630,15,'19-APRIL-1987');
INSERT INTO OWNS2 VALUES (9923,16,'10-MAY-2005');
INSERT INTO OWNS2 VALUES (9923,17,'6-JUNE-2006');
INSERT INTO OWNS2 VALUES (9923,18,'5-MAY-2007');
INSERT INTO OWNS2 VALUES (2310,19,'4-AUG-1999');
INSERT INTO OWNS2 VALUES (2310,20,'3-DEC-1998');

CREATE TABLE EMPLOYEE2(SSN NUMERIC(10),ENAME VARCHAR(20),EADDRESS VARCHAR(30),
PHONENO NUMERIC(20), SALARY NUMERIC(10),ESHIFT_START TIME,ESHIFT_END TIME,
SHIFTTYPE VARCHAR(10));
INSERT INTO EMPLOYEE2 VALUES(22,'Olivia','1111 Pine',0312382,1000,'14:12:11','01:12:11','Day');	
INSERT INTO EMPLOYEE2 VALUES(23,'Noah','1010 Cedar Ln',0312111,4000,'11:19:55','03:32:10','Day');
INSERT INTO EMPLOYEE2 VALUES(24,'Sophia','999 Elm St',3732892,200,'08:04:11','12:39:12','Day');
INSERT INTO EMPLOYEE2 VALUES(25,'Liam','888 Cedar Rd',489273,100,'19:34:12','11:19:11','Night');
INSERT INTO EMPLOYEE2 VALUES(26,'Ava','777 Oak Ln',228463,450,'19:16:10','09:49:55','Night');
INSERT INTO EMPLOYEE2 VALUES(32,'William','836 Juniper Ave',335622,8439,'01:12:11','01:19:11','Night');	
INSERT INTO EMPLOYEE2 VALUES(33,'Lee','190 Willow D',84729283,2100,'23:34:55','19:16:34','Day');
INSERT INTO EMPLOYEE2 VALUES(34,'Davis','643 Poplar St',11223344,6000,'19:04:11','11:34:49','Day');
INSERT INTO EMPLOYEE2 VALUES(35,'Martinez','975 Hicko',9876543,540,'20:34:12','22:04:12','Night');
INSERT INTO EMPLOYEE2 VALUES(36,'Johnson','382 Spru',64838246,750,'3:16:10','03:34:56','Night');
INSERT INTO EMPLOYEE2 VALUES(37,'Karen','579 Chestnut',1264836,10000,'02:12:45','09:49:55','Day');	
INSERT INTO EMPLOYEE2 VALUES(38,'Brown','864 Ash Ln',277328,2100,'23:34:56','05:51:00','Night');
INSERT INTO EMPLOYEE2 VALUES(39,'Blue','135 Birch',738292,7382,'22:04:12','05:51:00','Day');
INSERT INTO EMPLOYEE2 VALUES(40,'Pine','246 Wal',7382634,1000,'11:34:49','05:51:00','Night');
INSERT INTO EMPLOYEE2 VALUES(41,'Peep','987 Cedar',00123746,390,'19:16:34','05:51:00','Day');
INSERT INTO EMPLOYEE2 VALUES(42,'Ayesha','654 Pine',1000987,2100,'01:19:11','04:34:12','Day');	
INSERT INTO EMPLOYEE2 VALUES(43,'Fatima','321 Maple Ln',11166754,3200,'09:49:55','19:34:12','Night');
INSERT INTO EMPLOYEE2 VALUES(44,'Maryam','789 Elm Rd',9273636,60000,'23:19:11','02:12:45','Night');
INSERT INTO EMPLOYEE2 VALUES(45,'Rabia','456 Oak',47477383,8000,'12:39:12','11:19:55','Day');
INSERT INTO EMPLOYEE2 VALUES(46,'Zainab','111 Ads',54638828,1200,'03:32:10','14:12:11','Day');

CREATE TABLE PILOT1(NAMEP VARCHAR(20),LIC_NUM NUMERIC(10),RESTR VARCHAR(30), SSN NUMERIC(10));
INSERT INTO PILOT1 VALUES('Ahmed',100,'License',22);
INSERT INTO PILOT1 VALUES('Karan',101,'Reckless Flying',23);
INSERT INTO PILOT1 VALUES('Karen',102,'Restricted Airspace',24);
INSERT INTO PILOT1 VALUES('Jones',103,'Speed Limit',25);
INSERT INTO PILOT1 VALUES('Smith',104,'Proper Training',26);
INSERT INTO PILOT1 VALUES('Saleem',105,'License',32);
INSERT INTO PILOT1 VALUES('Johar',106,'Reckless Flying',33);
INSERT INTO PILOT1 VALUES('Nick',107,'Restricted Airspace',34);
INSERT INTO PILOT1 VALUES('Jonas',108,'Speed Limit',35);
INSERT INTO PILOT1 VALUES('Justin',109,'Proper Training',36);
INSERT INTO PILOT1 VALUES('Bieber',110,'License',37);
INSERT INTO PILOT1 VALUES('Harry',111,'Reckless Flying',38);
INSERT INTO PILOT1 VALUES('Styles',112,'Restricted Airspace',39);
INSERT INTO PILOT1 VALUES('Kim',113,'Speed Limit',40);
INSERT INTO PILOT1 VALUES('Kylie',114,'Proper Training',41);
INSERT INTO PILOT1 VALUES('Huda',115,'License',42);
INSERT INTO PILOT1 VALUES('Roha',116,'Reckless Flying',43);
INSERT INTO PILOT1 VALUES('Fatima',117,'Restricted Airspace',44);
INSERT INTO PILOT1 VALUES('Zainab',118,'Speed Limit',45);
INSERT INTO PILOT1 VALUES('Ayesha',119,'Proper Training',46);

CREATE TABLE FLIES1(LIC_NUM NUMERIC(10) ,MODEL VARCHAR(20));
INSERT INTO FLIES1 VALUES (100,'Cessna');
INSERT INTO FLIES1 VALUES (101,'Zenith');
INSERT INTO FLIES1 VALUES (102,'Hawker');
INSERT INTO FLIES1 VALUES (103,'Learjet');
INSERT INTO FLIES1 VALUES (104,'Lockheed');
INSERT INTO FLIES1 VALUES (105,'Airbus');
INSERT INTO FLIES1 VALUES (106,'Hawker');
INSERT INTO FLIES1 VALUES (107,'Airbus A350');
INSERT INTO FLIES1 VALUES (108,'Skyhawk 172');
INSERT INTO FLIES1 VALUES (109,'Learjet');
INSERT INTO FLIES1 VALUES (110,'Embraer E190');
INSERT INTO FLIES1 VALUES (111,'Zenith CH750');
INSERT INTO FLIES1 VALUES (112,'Learjet');
INSERT INTO FLIES1 VALUES (113,'Cessna');
INSERT INTO FLIES1 VALUES (114,'Cessna');
INSERT INTO FLIES1 VALUES (115,'Pilatus PC-12');
INSERT INTO FLIES1 VALUES (116,'Learjet');
INSERT INTO FLIES1 VALUES (117,'HondaJet');
INSERT INTO FLIES1 VALUES (118,'Hawker');
INSERT INTO FLIES1 VALUES (119,'Hawker');


CREATE TABLE SERVICE2(SERVICE_ID NUMERIC(10) primary key ,SDATE DATE, SHOURS NUMERIC(10)
,WORK_CODE NUMERIC(10));
INSERT INTO SERVICE2 VALUES(200,'28-March-2023',20,344);
INSERT INTO SERVICE1 VALUES(201,'2-May-1999',3,123);
INSERT INTO SERVICE2 VALUES(202,'12-Aug-2012',29,785);
INSERT INTO SERVICE2 VALUES(203,'19-Oct-2013',15,283);
INSERT INTO SERVICE2 VALUES(204,'20-Nov-1019',18,333);
INSERT INTO SERVICE2 VALUES(205,'4-June-2021',30,115);
INSERT INTO SERVICE2 VALUES(206,'29-July-2022',19,739);
INSERT INTO SERVICE2 VALUES(207,'22-Aug-2023',42,355);
INSERT INTO SERVICE2 VALUES(208,'09-September-2024',55,100);
INSERT INTO SERVICE2 VALUES(209,'20-Jan-1967',34,111);
INSERT INTO SERVICE2 VALUES(210,'4-Feb-2000',200,222);
INSERT INTO SERVICE2 VALUES(211,'2-April-1991',230,333);
INSERT INTO SERVICE2 VALUES(212,'12-May-2001',12,444);
INSERT INTO SERVICE2 VALUES(213,'19-June-2002',13,555);
INSERT INTO SERVICE2 VALUES(214,'20-July-2003',41,666);
INSERT INTO SERVICE2 VALUES(215,'4-August-2011',76,777);
INSERT INTO SERVICE2 VALUES(216,'2-September-2012',65,888);
INSERT INTO SERVICE2 VALUES(217,'12-Oct-2013',54,999);
INSERT INTO SERVICE2 VALUES(218,'19-Nov-2015',43,765);
INSERT INTO SERVICE2 VALUES(219,'26-march-2023',32,543);

CREATE TABLE PLANE_SERVICE(REGNO NUMERIC(10),SERVICE_ID NUMERIC(10));
INSERT INTO PLANE_SERVICE VALUES (1234,200);
INSERT INTO PLANE_SERVICE VALUES (7657,201);
INSERT INTO PLANE_SERVICE VALUES (8976,202);
INSERT INTO PLANE_SERVICE VALUES (3456,203);
INSERT INTO PLANE_SERVICE VALUES (6543,204);
INSERT INTO PLANE_SERVICE VALUES (3490,205);
INSERT INTO PLANE_SERVICE VALUES (6189,206);
INSERT INTO PLANE_SERVICE VALUES (0098,207);
INSERT INTO PLANE_SERVICE VALUES (1000,208);
INSERT INTO PLANE_SERVICE VALUES (1290,209);
INSERT INTO PLANE_SERVICE VALUES (6043,210);
INSERT INTO PLANE_SERVICE VALUES (5672,211);
INSERT INTO PLANE_SERVICE VALUES (1129,212);
INSERT INTO PLANE_SERVICE VALUES (9987,213);
INSERT INTO PLANE_SERVICE VALUES (5630,214);
INSERT INTO PLANE_SERVICE VALUES (1198,215);
INSERT INTO PLANE_SERVICE VALUES (7640,216);
INSERT INTO PLANE_SERVICE VALUES (9923,217);
INSERT INTO PLANE_SERVICE VALUES (2310,218);
INSERT INTO PLANE_SERVICE VALUES (5197,219);

CREATE TABLE MAINTAIN1(SSN NUMERIC(10) primary key,SERVICE_ID NUMERIC(10));
INSERT INTO MAINTAIN1 VALUES (22,200);
INSERT INTO MAINTAIN1 VALUES (23,201);
INSERT INTO MAINTAIN1 VALUES (24,202);
INSERT INTO MAINTAIN1 VALUES (25,203);
INSERT INTO MAINTAIN1 VALUES (26,204);
INSERT INTO MAINTAIN1 VALUES (33,205);
INSERT INTO MAINTAIN1 VALUES (34,206);
INSERT INTO MAINTAIN1 VALUES (35,207);
INSERT INTO MAINTAIN1 VALUES (36,208);
INSERT INTO MAINTAIN1 VALUES (37,209);
INSERT INTO MAINTAIN1 VALUES (38,210);
INSERT INTO MAINTAIN1 VALUES (39,211);
INSERT INTO MAINTAIN1 VALUES (40,212);
INSERT INTO MAINTAIN1 VALUES (41,213);
INSERT INTO MAINTAIN1 VALUES (42,214);
INSERT INTO MAINTAIN1 VALUES (43,215);
INSERT INTO MAINTAIN1 VALUES (44,216);
INSERT INTO MAINTAIN1 VALUES (45,217);
INSERT INTO MAINTAIN1 VALUES (46,218);
INSERT INTO MAINTAIN1 VALUES (32,219);

CREATE TABLE WORKS_ON2(SSN NUMERIC(10) primary key,MODEL VARCHAR(20));
INSERT INTO WORKS_ON2 VALUES (22,'Zenith');
INSERT INTO WORKS_ON2 VALUES (23,'Zenith');
INSERT INTO WORKS_ON2 VALUES (24,'Hawker');
INSERT INTO WORKS_ON2 VALUES (25,'Boeing 747');
INSERT INTO WORKS_ON2 VALUES (26,'Lockheed');
INSERT INTO WORKS_ON2 VALUES (32,'Airbus');
INSERT INTO WORKS_ON2 VALUES (33,'McDonall Douglas');
INSERT INTO WORKS_ON2 VALUES (34,'Airbus A350');
INSERT INTO WORKS_ON2 VALUES (46,'Skyhawk 172');
INSERT INTO WORKS_ON2 VALUES (35,'Airbus A350');
INSERT INTO WORKS_ON2 VALUES (36,'Embraer E190');
INSERT INTO WORKS_ON2 VALUES (37,'Zenith CH750');
INSERT INTO WORKS_ON2 VALUES (38,'Yak-40');
INSERT INTO WORKS_ON2 VALUES (39,'Viking Air');
INSERT INTO WORKS_ON2 VALUES (40,'Premier I');
INSERT INTO WORKS_ON2 VALUES (41,'Pilatus PC-12');
INSERT INTO WORKS_ON2 VALUES (42,'Zenith');
INSERT INTO WORKS_ON2 VALUES (43,'HondaJet');
INSERT INTO WORKS_ON2 VALUES (44,'Gulfstream G280');
INSERT INTO WORKS_ON2 VALUES (45,'Airbus A380');